{
  "run": [
    {
      "filePath": "/webapp/test/test.html",
      "previewMode": 1,
      "dataMode": 1,
      "workspace": "withoutWorkspace",
      "ui5ActiveVersion": null,
      "ui5VerSource": null,
      "isDefaultVersion": 0,
      "urlParameters": [],
      "hashParameter": "",
      "backendSystem": [],
      "_metadata": {
        "runnerId": "webapprunner",
        "id": 3215216,
        "displayName": "Run test.html",
        "lastRunTimeStamp": 1486986834245
      }
    },
    {
      "filePath": "/webapp/test/testsuite.qunit.html",
      "previewMode": 1,
      "dataMode": 1,
      "workspace": "withoutWorkspace",
      "ui5ActiveVersion": null,
      "ui5VerSource": null,
      "isDefaultVersion": 0,
      "urlParameters": [],
      "hashParameter": "",
      "backendSystem": [],
      "_metadata": {
        "runnerId": "webapprunner",
        "id": 5475015,
        "displayName": "Run testsuite.qunit.html",
        "lastRunTimeStamp": 1486986613550
      }
    },
    {
      "filePath": "/webapp/index.html",
      "previewMode": 1,
      "dataMode": 1,
      "workspace": "withoutWorkspace",
      "ui5ActiveVersion": null,
      "ui5VerSource": null,
      "isDefaultVersion": 0,
      "urlParameters": [],
      "hashParameter": "",
      "backendSystem": [],
      "_metadata": {
        "runnerId": "webapprunner",
        "id": 432179,
        "displayName": "Run index.html",
        "lastRunTimeStamp": 1485186609537
      }
    },
    {
      "filePath": "/webapp/test/unit/unitTests.qunit.html",
      "previewMode": 1,
      "dataMode": 1,
      "workspace": "withoutWorkspace",
      "ui5ActiveVersion": null,
      "ui5VerSource": null,
      "isDefaultVersion": 0,
      "urlParameters": [],
      "hashParameter": "",
      "backendSystem": [],
      "_metadata": {
        "runnerId": "webapprunner",
        "id": 7380514,
        "displayName": "Run unitTests.qunit.html 1",
        "lastRunTimeStamp": 1484896195366
      }
    },
    {
      "filePath": "/webapp/test/unit/unitTests.qunit.html",
      "previewMode": 1,
      "dataMode": 1,
      "ui5ActiveVersion": null,
      "ui5VerSource": null,
      "isDefaultVersion": 0,
      "workspace": "withoutWorkspace",
      "urlParameters": [],
      "backendSystem": [],
      "_metadata": {
        "runnerId": "qunitrunner",
        "id": 8291737,
        "displayName": "Run unitTests.qunit.html",
        "lastRunTimeStamp": 1484223261498
      }
    }
  ],
  "hybrid": {
    "dirty": true
  }
}